{
    "os": "Windows-10-10.0.18362-SP0",
    "python": "3.7.0",
    "heartbeatAt": "2023-07-08T14:53:16.203305",
    "startedAt": "2023-07-08T14:53:15.392290",
    "docker": null,
    "cuda": null,
    "args": [],
    "state": "running",
    "program": "C:/Users/Martin/PycharmProjects/EmbeddingAsInput/EmbeddingInput/SARL/main.py",
    "codePath": "SARL\\main.py",
    "git": {
        "remote": "https://github.com/marho13/EmbeddingInput.git",
        "commit": "39fe90da97fe873be829f75e420ad222be19359f"
    },
    "email": "martinholen@gmail.com",
    "root": "C:/Users/Martin/PycharmProjects/EmbeddingAsInput/EmbeddingInput",
    "host": "DESKTOP-EAN2JH8",
    "username": "Martin",
    "executable": "C:\\Users\\Martin\\AppData\\Local\\Programs\\Python\\Python37\\python.exe",
    "cpu_count": 16,
    "cpu_count_logical": 32,
    "cpu_freq": {
        "current": 3400.0,
        "min": 0.0,
        "max": 3400.0
    },
    "cpu_freq_per_core": [
        {
            "current": 3400.0,
            "min": 0.0,
            "max": 3400.0
        }
    ],
    "disk": {
        "total": 475.51719665527344,
        "used": 458.68192291259766
    },
    "gpu": "NVIDIA GeForce GTX 1080",
    "gpu_count": 1,
    "gpu_devices": [
        {
            "name": "NVIDIA GeForce GTX 1080",
            "memory_total": 8589934592
        }
    ],
    "memory": {
        "total": 63.87753677368164
    }
}
